date,evening_price,morning_price
2016-04-18,257.29,256.92
2016-04-19,259.97,261.15
2016-04-20,261.82,260.39
2016-04-21,260.41,261.32
2016-04-24,258.8,258.42
2016-04-25,258.53,259.23
2016-04-26,259.9,260.06
2016-04-27,261.88,260.04
2016-04-28,265.54,265.25
2016-05-02,269.06,269.8
2016-05-03,268.02,267.79
2016-05-04,267.97,268.21
2016-05-05,267.52,267.79
2016-05-08,268.27,269.25
2016-05-09,265.72,265.38
2016-05-10,267.09,266.31
2016-05-11,266.5,266.98
2016-05-12,267.51,266.05
2016-05-15,269.39,268.68
2016-05-16,267.85,268.64
2016-05-17,268.15,268.71
2016-05-18,264.47,265.15
2016-05-19,264.46,264.82
2016-05-22,263.96,264.36
2016-05-23,262.98,263.32
2016-05-24,258.68,259.64
2016-05-25,259.6,260.35
2016-05-26,258.36,257.0
2016-05-29,254.94,254.96
2016-05-30,257.26,257.6
2016-05-31,258.17,258.65
2016-06-01,257.56,257.32
2016-06-02,257.01,256.88
2016-06-05,262.51,262.48
2016-06-06,263.17,263.35
2016-06-07,264.66,263.94
2016-06-12,271.99,270.13
2016-06-13,271.15,272.01
2016-06-14,273.14,272.75
2016-06-15,277.07,275.16
2016-06-16,272.38,271.52
2016-06-19,272.19,272.42
2016-06-20,271.86,272.84
2016-06-21,268.0,269.18
2016-06-22,268.66,267.96
2016-06-23,278.92,270.42
2016-06-26,283.43,283.36
2016-06-27,282.15,282.65
2016-06-28,282.87,282.68
2016-06-29,281.78,281.54
2016-06-30,285.5,284.54
2016-07-03,290.01,290.07
2016-07-04,288.48,288.21
2016-07-05,295.0,294.8
2016-07-06,294.43,294.54
2016-07-07,292.05,291.58
2016-07-10,293.48,294.97
2016-07-11,291.86,292.05
2016-07-12,288.16,286.9
2016-07-13,287.6,288.94
2016-07-14,286.62,285.95
2016-07-17,286.77,286.31
2016-07-18,286.57,287.13
2016-07-19,286.5,287.03
2016-07-20,282.96,282.87
2016-07-21,284.88,285.37
2016-07-24,283.41,283.18
2016-07-25,283.71,283.84
2016-07-26,283.17,283.34
2016-07-27,287.55,286.93
2016-07-28,286.01,286.98
2016-07-31,287.95,288.65
2016-08-01,289.32,288.69
2016-08-02,291.42,291.04
2016-08-03,289.08,289.78
2016-08-04,292.05,290.94
2016-08-07,286.54,286.78
2016-08-08,285.87,286.29
2016-08-09,289.47,288.63
2016-08-10,287.36,287.34
2016-08-11,286.95,286.86
2016-08-14,286.97,286.66
2016-08-15,288.47,287.48
2016-08-16,287.39,287.6
2016-08-17,288.84,288.8
2016-08-18,288.68,288.02
2016-08-21,286.29,286.54
2016-08-22,286.56,286.47
2016-08-23,286.73,286.76
2016-08-24,284.52,284.31
2016-08-25,284.44,284.19
2016-08-28,283.68,283.32
2016-08-29,284.56,284.81
2016-08-30,282.78,283.06
2016-08-31,281.63,282.32
2016-09-01,282.5,282.69
2016-09-04,285.24,284.84
2016-09-05,285.73,285.59
2016-09-06,290.13,289.78
2016-09-07,289.35,289.2
2016-09-08,287.75,287.79
2016-09-11,286.04,285.53
2016-09-12,286.14,286.64
2016-09-13,284.41,283.68
2016-09-18,283.49,282.79
2016-09-19,283.29,283.31
2016-09-20,284.17,283.14
2016-09-21,286.63,286.48
2016-09-22,286.95,286.97
2016-09-25,287.06,287.22
2016-09-26,286.85,287.09
2016-09-27,285.02,284.86
2016-09-28,284.4,285.01
2016-09-29,284.88,284.79
2016-10-09,273.07,272.61
2016-10-10,272.9,272.56
2016-10-11,272.36,272.66
2016-10-12,273.81,272.85
2016-10-13,272.68,272.91
2016-10-16,273.03,272.52
2016-10-17,273.84,273.89
2016-10-18,274.43,274.76
2016-10-19,276.34,276.43
2016-10-20,275.58,275.44
2016-10-23,276.41,275.9
2016-10-24,276.93,276.39
2016-10-25,278.55,278.76
2016-10-26,277.64,277.12
2016-10-27,277.78,278.28
2016-10-30,279.25,278.98
2016-10-31,279.95,279.15
2016-11-01,282.08,281.71
2016-11-02,283.75,283.42
2016-11-03,283.0,283.64
2016-11-06,281.99,282.27
2016-11-07,280.9,280.73
2016-11-08,288.63,282.74
2016-11-09,282.7,282.29
2016-11-10,277.87,276.93
2016-11-13,269.5,269.11
2016-11-14,272.48,272.33
2016-11-15,274.03,274.11
2016-11-16,273.11,273.69
2016-11-17,270.34,269.82
2016-11-20,271.74,271.3
2016-11-21,273.49,273.18
2016-11-22,272.72,272.82
2016-11-23,269.95,270.16
2016-11-24,266.77,267.4
2016-11-27,270.23,271.24
2016-11-28,269.28,270.12
2016-11-29,267.74,268.47
2016-11-30,265.59,263.67
2016-12-01,265.15,265.14
2016-12-04,265.48,264.99
2016-12-05,264.59,264.81
2016-12-06,264.39,264.59
2016-12-07,266.7,266.32
2016-12-08,265.82,265.27
2016-12-11,264.12,264.34
2016-12-12,264.93,265.04
2016-12-13,264.99,264.98
2016-12-14,263.45,263.55
2016-12-15,261.75,261.65
2016-12-18,262.78,262.67
2016-12-19,262.19,263.02
2016-12-20,260.77,260.91
2016-12-21,259.34,260.14
2016-12-22,259.85,259.88
2016-12-25,260.4,260.17
2016-12-26,261.05,260.78
2016-12-27,262.04,262.16
2016-12-28,262.58,262.27
2016-12-29,264.7,264.16
2017-01-02,264.3,264.34
2017-01-03,264.77,264.27
2017-01-04,264.87,264.76
2017-01-05,264.97,265.17
2017-01-08,265.71,265.27
2017-01-09,268.41,267.22
2017-01-10,269.0,268.72
2017-01-11,269.25,269.17
2017-01-12,268.96,268.51
2017-01-15,270.15,269.21
2017-01-16,272.18,270.74
2017-01-17,271.12,271.53
2017-01-18,268.26,268.36
2017-01-19,268.92,269.04
2017-01-22,270.74,270.79
2017-01-23,269.7,270.41
2017-01-24,267.84,269.04
2017-01-25,266.82,266.57
2017-02-02,269.52,269.93
2017-02-05,271.92,272.0
2017-02-06,274.38,273.34
2017-02-07,275.01,275.16
2017-02-08,276.5,276.07
2017-02-09,273.14,273.2
2017-02-12,274.26,274.49
2017-02-13,274.1,273.51
2017-02-14,273.34,273.26
2017-02-15,274.79,275.34
2017-02-16,275.89,275.61
2017-02-19,275.04,274.98
2017-02-20,275.19,275.57
2017-02-21,275.8,275.89
2017-02-22,275.93,276.08
2017-02-23,279.76,278.49
2017-02-26,280.57,280.67
2017-02-27,279.65,279.66
2017-02-28,278.11,277.9
2017-03-01,278.27,278.28
2017-03-02,276.09,276.0
2017-03-05,276.61,276.59
2017-03-06,275.49,275.5
2017-03-07,274.09,274.14
2017-03-08,271.92,272.74
2017-03-09,270.31,270.52
2017-03-12,272.49,271.55
2017-03-13,271.47,272.05
2017-03-14,271.58,270.98
2017-03-15,275.79,275.34
2017-03-16,275.78,275.49
2017-03-19,276.93,276.75
2017-03-20,275.98,275.97
2017-03-21,278.46,278.38
2017-03-22,278.38,277.93
2017-03-23,277.94,277.99
2017-03-26,280.61,280.04
2017-03-27,280.17,280.5
2017-03-28,279.64,279.36
2017-03-29,279.7,279.24
2017-03-30,277.99,277.79
2017-04-04,280.03,280.13
2017-04-05,280.42,280.38
2017-04-06,283.18,283.51
2017-04-09,281.52,280.96
2017-04-10,281.53,281.14
2017-04-11,284.53,285.25
2017-04-12,286.25,286.52
2017-04-13,286.8,286.95
2017-04-16,286.48,287.62
2017-04-17,286.03,286.04
2017-04-18,285.75,286.11
2017-04-19,285.23,285.3
2017-04-20,285.11,285.1
2017-04-23,283.49,284.46
2017-04-24,283.39,283.54
2017-04-25,282.17,282.31
2017-04-26,282.81,282.77
2017-04-27,282.67,282.69
2017-05-01,280.79,281.2
2017-05-02,280.04,280.58
2017-05-03,276.41,277.91
2017-05-04,275.73,274.53
2017-05-07,275.3,275.59
2017-05-08,274.59,275.04
2017-05-09,273.91,273.79
2017-05-10,274.02,273.62
2017-05-11,274.9,274.75
2017-05-14,275.73,275.19
2017-05-15,276.49,276.56
2017-05-16,277.63,277.51
2017-05-17,280.6,280.67
2017-05-18,279.28,279.29
2017-05-21,279.76,279.59
2017-05-22,281.41,281.4
2017-05-23,278.55,279.54
2017-05-24,280.04,280.35
2017-05-25,279.6,279.25
2017-05-30,278.9,279.65
2017-05-31,278.63,278.93
2017-06-01,277.96,278.34
2017-06-04,281.35,281.27
2017-06-05,282.97,282.37
2017-06-06,283.67,283.66
2017-06-07,283.13,282.78
2017-06-08,280.3,280.49
2017-06-11,278.7,278.67
2017-06-12,278.36,278.29
2017-06-13,279.07,279.24
2017-06-14,277.37,278.41
2017-06-15,276.75,276.22
2017-06-18,276.18,276.21
2017-06-19,275.91,275.61
2017-06-20,275.69,275.78
2017-06-21,277.3,277.36
2017-06-22,277.76,277.34
2017-06-25,278.03,278.15
2017-06-26,276.41,275.63
2017-06-27,276.11,276.26
2017-06-28,275.59,275.78
2017-06-29,273.0,273.59
2017-07-02,271.87,272.07
2017-07-03,269.73,269.1
2017-07-04,270.0,270.51
2017-07-05,270.35,270.06
2017-07-06,269.52,269.34
2017-07-09,266.45,267.12
2017-07-10,267.3,267.3
2017-07-11,268.58,268.39
2017-07-12,268.9,269.0
2017-07-13,267.99,267.54
2017-07-16,270.16,270.2
2017-07-17,271.17,271.41
2017-07-18,271.39,271.54
2017-07-19,271.36,271.44
2017-07-20,272.69,272.4
2017-07-23,273.84,274.4
2017-07-24,274.4,273.75
2017-07-25,271.95,272.64
2017-07-26,274.74,275.15
2017-07-27,274.79,274.6
2017-07-30,275.46,275.83
2017-07-31,275.37,275.29
2017-08-01,274.95,275.08
2017-08-02,274.22,274.52
2017-08-03,275.47,274.98
2017-08-06,273.31,273.36
2017-08-07,272.7,273.21
2017-08-08,273.69,273.77
2017-08-09,275.77,274.85
2017-08-10,276.86,277.06
2017-08-13,276.79,276.93
2017-08-14,274.81,274.93
2017-08-15,274.62,274.83
2017-08-16,277.03,277.29
2017-08-17,277.46,277.35
2017-08-20,277.02,276.77
2017-08-21,276.92,277.34
2017-08-22,276.92,276.39
2017-08-23,277.25,277.0
2017-08-24,276.93,276.74
2017-08-27,277.98,277.77
2017-08-28,281.08,281.25
2017-08-29,278.35,279.47
2017-08-30,277.69,277.69
2017-08-31,280.2,280.11
2017-09-03,282.11,281.5
2017-09-04,281.62,281.5
2017-09-05,281.79,281.96
2017-09-06,281.35,281.13
2017-09-07,281.65,282.12
2017-09-10,280.95,280.9
2017-09-11,279.84,279.91
2017-09-12,280.35,280.52
2017-09-13,279.45,279.64
2017-09-14,280.84,281.14
2017-09-17,278.98,279.15
2017-09-18,278.5,278.39
2017-09-19,278.8,278.65
2017-09-20,276.72,277.29
2017-09-21,276.39,276.05
2017-09-24,276.25,276.12
2017-09-25,280.78,280.39
2017-09-26,278.33,278.48
2017-09-27,276.31,276.59
2017-09-28,277.52,277.5
2017-10-08,276.23,276.28
2017-10-09,275.86,275.81
2017-10-10,275.35,275.33
2017-10-11,276.46,276.05
2017-10-12,276.33,276.01
2017-10-15,277.48,277.31
2017-10-16,276.39,276.42
2017-10-17,275.38,275.83
2017-10-18,274.66,274.62
2017-10-19,274.96,275.17
2017-10-22,274.04,274.32
2017-10-23,274.94,274.98
2017-10-24,273.72,273.79
2017-10-25,274.76,274.52
2017-10-26,273.07,273.18
2017-10-29,273.23,273.46
2017-10-30,273.67,273.88
2017-10-31,273.36,272.76
2017-11-01,273.21,273.26
2017-11-02,273.61,273.54
2017-11-05,273.13,272.92
2017-11-06,274.39,274.37
2017-11-07,274.41,274.47
2017-11-08,275.3,274.94
2017-11-09,276.15,276.24
2017-11-12,274.79,274.75
2017-11-13,274.38,274.54
2017-11-14,274.92,275.15
2017-11-15,274.3,274.5
2017-11-16,274.97,274.79
2017-11-19,276.4,276.4
2017-11-20,274.74,274.72
2017-11-21,274.68,274.88
2017-11-22,274.96,275.0
2017-11-23,275.01,274.86
2017-11-26,275.17,274.95
2017-11-27,275.99,276.01
2017-11-28,276.09,275.85
2017-11-29,274.14,274.57
2017-11-30,272.85,272.98
2017-12-03,272.36,272.5
2017-12-04,272.83,272.81
2017-12-05,271.19,270.8
2017-12-06,269.71,270.59
2017-12-07,267.66,267.64
2017-12-10,267.79,267.5
2017-12-11,267.05,266.94
2017-12-12,267.09,267.01
2017-12-13,269.69,269.34
2017-12-14,269.39,269.28
2017-12-17,269.66,269.22
2017-12-18,271.26,270.36
2017-12-19,270.25,270.48
2017-12-20,270.01,270.05
2017-12-21,270.32,270.16
2017-12-24,271.98,272.04
2017-12-25,272.12,271.73
2017-12-26,272.74,272.57
2017-12-27,274.01,273.53
2017-12-28,273.75,273.68
2018-01-01,275.0,274.82
2018-01-02,276.63,276.96
2018-01-03,275.53,274.95
2018-01-04,276.59,276.8
2018-01-07,276.59,276.72
2018-01-08,277.23,277.17
2018-01-09,276.55,276.96
2018-01-10,277.91,277.83
2018-01-11,278.53,278.16
2018-01-14,279.23,279.09
2018-01-15,278.95,279.09
2018-01-16,278.14,278.96
2018-01-17,276.76,276.29
2018-01-18,275.65,275.6
2018-01-21,276.19,276.11
2018-01-22,276.77,276.57
2018-01-23,277.59,277.29
2018-01-24,279.1,278.88
2018-01-25,277.17,276.82
2018-01-28,276.11,275.78
2018-01-29,273.66,274.77
2018-01-30,274.19,273.9
2018-01-31,273.65,273.61
2018-02-01,273.78,273.95
2018-02-04,271.26,271.42
2018-02-05,272.95,273.92
2018-02-06,269.22,269.13
2018-02-07,268.47,267.76
2018-02-08,269.93,269.91
2018-02-11,269.92,269.88
2018-02-12,271.07,270.53
2018-02-13,273.27,273.29
2018-02-21,271.77,271.41
2018-02-22,272.17,272.33
2018-02-25,273.42,272.62
2018-02-26,272.07,272.14
2018-02-27,269.95,270.14
2018-02-28,269.74,270.01
2018-03-01,270.93,270.57
2018-03-04,271.8,271.64
2018-03-05,271.56,271.09
2018-03-06,272.57,272.9
2018-03-07,271.74,271.93
2018-03-08,270.6,270.75
2018-03-11,270.86,270.74
2018-03-12,270.54,270.73
2018-03-13,271.25,271.43
2018-03-14,270.79,270.99
2018-03-15,269.8,269.65
2018-03-18,268.33,268.96
2018-03-19,269.46,269.4
2018-03-20,269.05,269.12
2018-03-21,271.71,271.84
2018-03-22,273.93,273.85
2018-03-25,274.64,274.91
2018-03-26,273.97,273.86
2018-03-27,272.63,273.26
2018-03-28,270.18,270.87
2018-03-29,270.08,270.08
2018-04-01,270.13,270.2
2018-04-02,272.54,272.23
2018-04-03,271.88,271.46
2018-04-08,271.47,271.83
2018-04-09,271.49,272.07
2018-04-10,272.69,272.23
2018-04-11,274.03,273.82
2018-04-12,271.91,272.63
2018-04-15,273.02,273.36
2018-04-16,273.34,273.3
2018-04-17,273.17,273.08
2018-04-18,273.62,273.69
2018-04-19,272.73,272.71
2018-04-22,271.6,271.63
2018-04-23,270.97,271.0
2018-04-24,270.69,271.06
2018-04-25,271.08,271.17
2018-04-26,270.1,270.04
2018-05-01,269.18,269.44
2018-05-02,269.56,269.56
2018-05-03,269.53,269.56
2018-05-06,270.26,270.71
2018-05-07,270.02,270.28
2018-05-08,269.84,270.19
2018-05-09,270.14,270.33
2018-05-10,270.36,270.46
2018-05-13,270.49,270.42
2018-05-14,269.08,269.29
2018-05-15,266.46,266.61
2018-05-16,265.58,265.83
2018-05-17,265.56,265.39
2018-05-20,265.29,265.86
2018-05-21,265.77,265.73
2018-05-22,265.88,266.16
2018-05-23,267.33,267.12
2018-05-24,268.69,268.65
2018-05-27,267.68,268.06
2018-05-28,268.84,268.83
2018-05-29,269.37,269.53
2018-05-30,269.54,269.42
2018-05-31,268.99,268.79
2018-06-03,267.71,268.2
2018-06-04,267.3,267.46
2018-06-05,268.02,267.93
2018-06-06,267.78,267.63
2018-06-07,267.96,268.07
2018-06-10,268.46,268.97
2018-06-11,268.28,268.5
2018-06-12,267.91,268.1
2018-06-13,268.48,268.18
2018-06-14,269.1,269.71
2018-06-18,267.13,267.28
2018-06-19,266.24,266.6
2018-06-20,265.32,265.52
2018-06-21,266.37,266.27
2018-06-24,267.08,267.44
2018-06-25,267.24,267.43
2018-06-26,267.46,267.35
2018-06-27,267.5,267.6
2018-06-28,267.12,267.29
2018-07-01,267.72,267.86
2018-07-02,267.96,268.2
2018-07-03,268.7,268.95
2018-07-04,268.65,268.82
2018-07-05,269.21,269.2
2018-07-08,269.02,268.99
2018-07-09,268.19,268.48
2018-07-10,268.94,269.09
2018-07-11,268.39,268.73
2018-07-12,267.9,268.13
2018-07-15,268.5,268.34
2018-07-16,267.47,267.29
2018-07-17,264.97,265.6
2018-07-18,266.19,266.16
2018-07-19,266.98,266.83
2018-07-22,268.37,268.28
2018-07-23,267.94,268.56
2018-07-24,268.53,268.56
2018-07-25,268.52,268.37
2018-07-26,268.41,268.46
2018-07-29,268.7,268.85
2018-07-30,268.71,268.57
2018-07-31,268.68,268.28
2018-08-01,268.04,268.0
2018-08-02,267.7,267.64
2018-08-05,267.59,267.63
2018-08-06,267.69,267.35
2018-08-07,267.1,266.85
2018-08-08,267.3,267.1
2018-08-09,266.91,267.37
2018-08-12,268.01,267.85
2018-08-13,265.6,265.77
2018-08-14,264.95,265.33
2018-08-15,261.74,261.7
2018-08-16,261.6,261.75
2018-08-19,262.78,262.59
2018-08-20,264.5,263.75
2018-08-21,264.28,264.61
2018-08-22,264.64,264.56
2018-08-23,264.33,264.15
2018-08-26,265.55,265.24
2018-08-27,266.24,266.09
2018-08-28,265.23,265.16
2018-08-29,265.54,265.77
2018-08-30,265.98,265.54
2018-09-02,265.45,265.15
2018-09-03,264.42,264.74
2018-09-04,263.91,263.82
2018-09-05,264.7,264.81
2018-09-06,265.48,265.61
2018-09-09,264.79,265.11
2018-09-10,265.38,265.32
2018-09-11,265.47,265.47
2018-09-12,266.33,266.38
2018-09-13,266.72,266.41
2018-09-16,265.75,265.55
2018-09-17,266.14,266.28
2018-09-18,266.35,265.93
2018-09-19,266.57,266.72
2018-09-20,267.22,266.98
2018-09-24,266.29,266.22
2018-09-25,266.97,266.95
2018-09-26,265.99,266.44
2018-09-27,263.88,264.2
2018-10-07,267.14,267.01
2018-10-08,266.67,266.72
2018-10-09,266.53,266.53
2018-10-10,267.43,267.7
2018-10-11,271.59,271.57
2018-10-14,273.43,272.93
2018-10-15,274.14,274.33
2018-10-16,273.46,273.43
2018-10-17,273.53,274.05
2018-10-18,275.32,275.03
2018-10-21,274.74,274.94
2018-10-22,274.91,274.7
2018-10-23,276.18,276.68
2018-10-24,277.84,277.66
2018-10-25,277.33,277.15
2018-10-28,277.23,277.48
2018-10-29,276.23,276.81
2018-10-30,274.2,274.72
2018-10-31,274.25,274.09
2018-11-01,274.99,275.54
2018-11-04,275.08,274.93
2018-11-05,274.92,274.89
2018-11-06,275.0,274.67
2018-11-07,274.25,274.23
2018-11-08,273.6,273.84
2018-11-11,271.42,271.86
2018-11-12,270.37,270.94
2018-11-13,270.04,270.36
2018-11-14,271.83,271.3
2018-11-15,272.46,272.18
2018-11-18,273.23,273.81
2018-11-19,274.13,273.91
2018-11-20,274.12,274.04
2018-11-21,274.78,274.74
2018-11-22,275.2,275.11
2018-11-25,274.76,274.6
2018-11-26,274.42,274.48
2018-11-27,272.75,273.37
2018-11-28,275.0,274.49
2018-11-29,274.77,274.67
2018-12-02,274.07,274.37
2018-12-03,274.04,273.98
2018-12-04,274.23,274.18
2018-12-05,275.68,275.8
2018-12-06,275.73,276.09
2018-12-09,278.27,278.11
2018-12-10,278.31,278.26
2018-12-11,277.17,277.24
2018-12-12,277.15,277.01
2018-12-13,277.07,277.19
2018-12-16,276.63,276.61
2018-12-17,278.06,278.25
2018-12-18,278.63,278.71
2018-12-19,278.4,278.22
2018-12-20,280.56,280.62
2018-12-23,282.02,281.75
2018-12-24,283.66,283.5
2018-12-25,283.84,283.85
2018-12-26,283.22,283.62
2018-12-27,284.1,284.04
2019-01-01,285.82,285.11
2019-01-02,287.67,287.1
2019-01-03,288.01,288.52
2019-01-06,286.16,285.97
2019-01-07,285.03,285.24
2019-01-08,283.65,284.55
2019-01-09,284.55,285.01
2019-01-10,282.8,282.68
2019-01-13,282.77,282.21
2019-01-14,282.3,282.33
2019-01-15,283.03,283.06
2019-01-16,283.08,283.27
2019-01-17,283.56,283.31
2019-01-20,282.14,282.16
2019-01-21,281.87,281.59
2019-01-22,282.34,282.96
2019-01-23,282.28,282.23
2019-01-24,281.8,282.2
2019-01-27,284.35,284.36
2019-01-28,285.88,285.5
2019-01-29,286.6,286.53
2019-01-30,286.49,286.39
2019-01-31,287.47,287.23
2019-02-10,287.5,287.61
2019-02-11,287.49,287.31
2019-02-12,287.32,287.22
2019-02-13,286.74,286.79
2019-02-14,288.06,287.76
2019-02-17,289.9,289.85
2019-02-18,290.73,290.87
2019-02-19,292.25,293.07
2019-02-20,290.74,291.28
2019-02-21,289.0,288.9
2019-02-24,288.58,288.07
2019-02-25,288.4,288.06
2019-02-26,287.85,287.91
2019-02-27,285.5,285.49
2019-02-28,284.73,285.28
2019-03-03,280.72,281.81
2019-03-04,279.98,279.92
2019-03-05,280.62,279.86
2019-03-06,280.01,280.57
2019-03-07,282.19,281.07
2019-03-10,283.79,283.26
2019-03-11,283.29,282.78
2019-03-12,284.61,284.52
2019-03-13,284.56,284.46
2019-03-14,284.22,282.8
2019-03-17,283.51,283.54
2019-03-18,285.13,284.96
2019-03-19,285.02,284.79
2019-03-20,286.32,286.24
2019-03-21,285.9,285.62
2019-03-24,287.01,287.16
2019-03-25,287.61,287.86
2019-03-26,287.27,287.71
2019-03-27,287.08,286.34
2019-03-28,282.18,282.6
2019-03-31,281.75,282.12
2019-04-01,281.84,281.89
2019-04-02,282.28,282.33
2019-04-03,282.26,281.9
2019-04-07,283.56,283.37
2019-04-08,283.79,283.79
2019-04-09,284.79,284.45
2019-04-10,285.72,285.41
2019-04-11,283.19,283.12
2019-04-14,281.68,281.4
2019-04-15,280.91,281.15
2019-04-16,279.64,279.51
2019-04-17,277.83,278.11
2019-04-18,279.44,279.5
2019-04-21,280.21,279.95
2019-04-22,278.74,279.31
2019-04-23,278.31,278.44
2019-04-24,279.76,279.63
2019-04-25,280.5,280.56
2019-04-28,280.88,281.26
2019-04-29,280.69,280.48
2019-05-05,282.05,282.12
2019-05-06,282.25,282.04
2019-05-07,282.94,282.84
2019-05-08,283.09,282.37
2019-05-09,283.76,283.23
2019-05-12,285.04,285.08
2019-05-13,288.97,289.06
2019-05-14,287.99,288.45
2019-05-15,288.79,288.6
2019-05-16,288.1,287.2
2019-05-19,286.47,286.41
2019-05-20,286.4,286.58
2019-05-21,286.23,285.98
2019-05-22,286.65,286.8
2019-05-23,288.46,288.25
2019-05-26,288.33,288.49
2019-05-27,288.11,287.98
2019-05-28,288.05,287.83
2019-05-29,287.33,287.57
2019-05-30,290.2,289.98
2019-06-02,294.11,294.12
2019-06-03,296.93,296.74
2019-06-04,298.36,297.3
2019-06-05,298.89,298.32
2019-06-09,298.54,298.88
2019-06-10,297.95,298.33
2019-06-11,300.47,298.46
2019-06-12,300.26,300.24
2019-06-13,303.01,302.65
2019-06-16,302.03,302.15
2019-06-17,303.64,302.35
2019-06-18,301.86,301.48
2019-06-19,309.12,308.76
2019-06-20,312.02,312.9
2019-06-23,313.95,314.13
2019-06-24,319.2,318.2
2019-06-25,315.1,316.14
2019-06-26,314.63,314.09
2019-06-27,315.5,317.66
2019-06-30,307.66,308.96
2019-07-01,309.62,309.3
2019-07-02,318.32,318.7
2019-07-03,315.13,316.58
2019-07-04,315.51,316.61
2019-07-07,313.62,312.79
2019-07-08,311.28,311.38
2019-07-09,310.86,311.4
2019-07-10,316.46,317.2
2019-07-11,313.7,314.34
2019-07-14,315.09,315.12
2019-07-15,315.12,315.15
2019-07-16,313.65,313.9
2019-07-17,317.05,317.1
2019-07-18,321.23,321.9
2019-07-21,318.44,318.43
2019-07-22,316.1,316.78
2019-07-23,317.27,317.29
2019-07-24,317.55,317.3
2019-07-25,315.72,316.13
2019-07-28,317.19,317.64
2019-07-29,318.23,317.89
2019-07-30,319.58,319.01
2019-07-31,315.21,315.52
2019-08-01,322.07,322.19
2019-08-04,332.54,329.92
2019-08-05,334.2,335.15
2019-08-06,339.49,339.13
2019-08-07,343.57,342.17
2019-08-08,344.06,344.04
2019-08-11,342.86,343.14
2019-08-12,348.98,347.57
2019-08-13,342.18,342.57
2019-08-14,345.43,346.82
2019-08-15,346.1,347.0
2019-08-18,344.18,344.75
2019-08-19,342.8,342.25
2019-08-20,343.71,343.85
2019-08-21,344.13,343.86
2019-08-22,343.28,343.7
2019-08-25,356.7,356.98
2019-08-26,355.71,354.2
2019-08-27,357.19,356.62
2019-08-28,358.66,357.75
2019-08-29,354.9,353.6
2019-09-01,353.31,353.54
2019-09-02,354.78,354.46
2019-09-03,357.28,357.77
2019-09-04,357.48,357.04
2019-09-05,350.57,351.32
2019-09-08,348.45,348.53
2019-09-09,342.83,343.02
2019-09-10,344.28,343.66
2019-09-11,343.33,343.56
2019-09-15,344.53,344.79
2019-09-16,343.22,343.82
2019-09-17,344.62,344.72
2019-09-18,344.11,342.91
2019-09-19,344.97,344.87
2019-09-22,348.52,349.64
2019-09-23,350.05,349.98
2019-09-24,352.01,352.05
2019-09-25,347.72,347.95
2019-09-26,345.07,347.28
2019-09-29,343.34,343.66
2019-10-07,342.95,343.27
2019-10-08,347.77,347.65
2019-10-09,346.04,346.72
2019-10-10,344.19,343.19
2019-10-13,339.64,339.89
2019-10-14,340.82,341.01
2019-10-15,339.31,339.76
2019-10-16,341.39,340.93
2019-10-17,340.79,340.69
2019-10-20,340.71,340.09
2019-10-21,339.64,339.31
2019-10-22,340.89,340.45
2019-10-23,340.38,340.29
2019-10-24,343.72,342.99
2019-10-27,343.8,343.13
2019-10-28,340.01,340.32
2019-10-29,339.6,339.66
2019-10-30,340.17,340.48
2019-10-31,343.17,343.39
2019-11-03,342.63,343.11
2019-11-04,340.53,341.71
2019-11-05,335.83,335.64
2019-11-06,337.52,337.48
2019-11-07,331.25,330.63
2019-11-10,330.59,330.09
2019-11-11,327.62,328.93
2019-11-12,330.84,330.07
2019-11-13,331.71,330.94
2019-11-14,330.9,331.6
2019-11-17,331.03,331.49
2019-11-18,332.95,332.81
2019-11-19,334.05,333.83
2019-11-20,333.58,334.7
2019-11-21,332.87,331.63
2019-11-24,330.65,331.33
2019-11-25,330.35,329.34
2019-11-26,330.71,330.73
2019-11-27,330.07,330.43
2019-11-28,330.5,330.44
2019-12-01,331.21,331.42
2019-12-02,331.95,332.36
2019-12-03,338.11,336.81
2019-12-04,336.47,336.13
2019-12-05,334.45,335.74
2019-12-08,332.21,331.69
2019-12-09,332.29,332.01
2019-12-10,332.55,332.76
2019-12-11,334.32,334.65
2019-12-12,330.34,330.46
2019-12-15,333.73,333.0
2019-12-16,333.75,333.44
2019-12-17,334.08,333.83
2019-12-18,333.64,333.81
2019-12-19,334.56,334.29
2019-12-22,335.74,334.72
2019-12-23,337.26,336.82
2019-12-24,338.97,339.29
2019-12-25,339.66,339.53
2019-12-26,341.05,341.77
2019-12-29,340.72,341.79
2019-12-30,342.53,342.88
2020-01-01,341.63,341.85
2020-01-02,346.75,344.85
2020-01-05,354.69,354.94
2020-01-06,351.42,350.2
2020-01-07,357.41,356.41
2020-01-08,345.31,349.2
2020-01-09,346.43,346.61
2020-01-12,346.35,347.37
2020-01-13,341.96,341.24
2020-01-14,344.82,344.64
2020-01-15,345.27,345.83
2020-01-16,344.85,344.55
2020-01-19,345.13,345.02
2020-01-20,348.52,348.12
2020-01-21,345.63,346.47
2020-01-22,347.64,347.08
2020-02-02,357.12,356.63
2020-02-03,353.86,355.49
2020-02-04,351.66,350.47
2020-02-05,349.58,349.67
2020-02-06,351.19,352.44
2020-02-09,352.69,353.51
2020-02-10,351.79,352.5
2020-02-11,351.03,351.41
2020-02-12,353.67,352.68
2020-02-13,354.13,354.27
2020-02-16,355.33,355.28
2020-02-17,357.05,356.64
2020-02-18,361.41,360.64
2020-02-19,362.59,362.64
2020-02-20,369.26,367.33
2020-02-23,377.4,376.07
2020-02-24,369.34,374.2
2020-02-25,372.02,370.92
2020-02-26,371.91,372.41
2020-02-27,367.43,369.73
2020-03-01,358.9,357.65
2020-03-02,357.97,358.23
2020-03-03,365.02,367.09
2020-03-04,366.43,365.56
2020-03-05,373.29,373.28
2020-03-08,371.42,377.48
2020-03-09,366.61,370.49
2020-03-10,369.27,368.33
2020-03-11,366.05,365.38
2020-03-12,355.61,349.6
2020-03-15,346.84,344.66
2020-03-16,330.91,332.51
2020-03-17,337.88,343.23
2020-03-18,336.23,334.54
2020-03-19,339.0,336.15
2020-03-22,338.57,338.75
2020-03-23,357.26,357.29
2020-03-24,363.84,365.21
2020-03-25,362.55,363.33
2020-03-26,366.25,366.25
2020-03-29,363.6,364.75
2020-03-30,363.92,363.75
2020-03-31,358.05,355.88
2020-04-01,359.85,358.47
2020-04-02,362.73,363.36
2020-04-06,372.95,373.9
2020-04-07,369.52,370.05
2020-04-08,370.33,369.27
2020-04-09,372.53,373.0
2020-04-12,372.14,371.62
2020-04-13,376.5,375.98
2020-04-14,375.78,377.35
2020-04-15,378.29,375.47
2020-04-16,371.96,374.26
2020-04-19,370.41,369.79
2020-04-20,373.82,372.71
2020-04-21,372.98,373.81
2020-04-22,379.13,379.24
2020-04-23,382.06,380.27
2020-04-26,379.7,380.55
2020-04-27,376.79,377.25
2020-04-28,378.33,378.82
2020-04-29,380.5,378.54
2020-05-05,379.69,379.96
2020-05-06,378.0,379.1
2020-05-07,382.77,382.73
2020-05-10,381.28,381.53
2020-05-11,380.47,380.1
2020-05-12,381.04,380.71
2020-05-13,383.37,382.88
2020-05-14,388.9,387.33
2020-05-17,398.52,399.07
2020-05-18,392.38,394.11
2020-05-19,396.66,396.66
2020-05-20,392.79,395.03
2020-05-21,392.74,389.7
2020-05-24,391.48,391.58
2020-05-25,393.28,392.96
2020-05-26,389.22,389.91
2020-05-27,392.14,391.25
2020-05-28,392.04,391.9
2020-05-31,395.66,394.47
2020-06-01,394.95,395.4
2020-06-02,391.33,392.25
2020-06-03,387.83,388.62
2020-06-04,387.74,389.65
2020-06-07,384.35,383.64
2020-06-08,384.26,384.51
2020-06-09,388.52,388.33
2020-06-10,391.51,390.76
2020-06-11,391.33,390.52
2020-06-14,390.29,392.28
2020-06-15,389.97,391.25
2020-06-16,390.53,390.18
2020-06-17,389.95,390.23
2020-06-18,390.68,390.35
2020-06-21,395.09,395.88
2020-06-22,394.39,395.02
2020-06-23,397.03,396.89
2020-06-28,397.48,397.35
2020-06-29,397.79,397.44
2020-06-30,400.43,399.39
2020-07-01,396.64,397.16
2020-07-02,397.71,398.03
2020-07-05,396.81,396.93
2020-07-06,397.66,397.65
2020-07-07,399.36,399.3
2020-07-08,401.91,401.61
2020-07-09,399.18,400.41
2020-07-12,400.85,400.4
2020-07-13,400.07,399.81
2020-07-14,400.7,401.29
2020-07-15,399.62,400.73
2020-07-16,397.01,396.66
2020-07-19,398.77,398.24
2020-07-20,401.53,400.0
2020-07-21,411.13,410.4
2020-07-22,413.06,412.04
2020-07-23,416.37,415.38
2020-07-26,426.77,423.53
2020-07-27,426.34,434.75
2020-07-28,427.54,427.35
2020-07-29,424.52,427.91
2020-07-30,428.25,425.05
2020-08-02,427.25,428.2
2020-08-03,427.87,428.54
2020-08-04,438.84,435.58
2020-08-05,443.08,440.97
2020-08-06,445.48,448.1
2020-08-09,441.81,441.92
2020-08-10,433.57,440.07
2020-08-11,406.55,403.08
2020-08-12,412.5,413.3
2020-08-13,417.09,421.22
2020-08-16,420.41,417.53
2020-08-17,429.21,428.67
2020-08-18,423.92,427.19
2020-08-19,414.83,414.61
2020-08-20,415.36,415.68
2020-08-23,412.74,411.48
2020-08-24,413.72,413.98
2020-08-25,412.43,413.32
2020-08-26,417.59,417.06
2020-08-27,417.68,416.12
2020-08-30,419.14,420.76
2020-08-31,423.5,422.92
2020-09-01,419.61,419.58
2020-09-02,412.18,416.94
2020-09-03,413.84,414.71
2020-09-06,413.56,415.2
2020-09-07,413.95,412.89
2020-09-08,413.83,413.65
2020-09-09,416.98,416.76
2020-09-10,415.91,416.84
2020-09-13,415.9,416.55
2020-09-14,417.12,417.39
2020-09-15,416.02,415.42
2020-09-16,413.54,413.27
2020-09-17,414.77,414.14
2020-09-20,414.65,415.28
2020-09-21,405.8,405.71
2020-09-22,399.33,405.35
2020-09-23,394.5,398.02
2020-09-24,399.79,397.12
2020-09-27,398.66,398.72
2020-09-28,403.86,403.86
2020-09-29,403.68,404.83
2020-10-08,404.18,403.8
2020-10-11,408.68,408.81
2020-10-12,406.64,407.99
2020-10-13,402.53,401.28
2020-10-14,401.99,401.86
2020-10-15,403.63,404.0
2020-10-18,403.96,401.98
2020-10-19,402.16,401.39
2020-10-20,403.98,404.69
2020-10-21,403.89,403.12
2020-10-22,402.63,402.44
2020-10-25,400.68,401.33
2020-10-26,404.28,404.05
2020-10-27,404.43,404.47
2020-10-28,399.09,398.78
2020-10-29,396.52,396.98
2020-11-01,400.11,398.88
2020-11-02,401.76,401.83
2020-11-03,403.43,403.97
2020-11-04,403.25,402.5
2020-11-05,407.15,407.67
2020-11-08,406.55,408.43
2020-11-09,396.23,394.3
2020-11-10,395.17,394.4
2020-11-11,394.7,394.14
2020-11-12,396.15,396.0
2020-11-15,396.02,397.82
2020-11-16,395.13,395.5
2020-11-17,393.04,393.49
2020-11-18,391.16,392.05
2020-11-19,391.26,391.14
2020-11-22,391.56,391.61
2020-11-23,383.05,382.57
2020-11-24,378.61,379.36
2020-11-25,378.91,378.84
2020-11-26,378.83,378.91
2020-11-29,369.7,371.66
2020-11-30,372.24,370.87
2020-12-01,377.72,377.67
2020-12-02,381.7,379.88
2020-12-03,382.08,382.2
2020-12-06,381.87,381.81
2020-12-07,386.96,386.79
2020-12-08,384.9,387.13
2020-12-09,381.19,382.29
2020-12-10,380.97,381.73
2020-12-13,380.82,381.48
2020-12-14,383.5,381.21
2020-12-15,386.08,385.83
2020-12-16,388.24,387.04
2020-12-17,391.19,390.37
2020-12-20,396.35,395.39
2020-12-21,390.41,392.48
2020-12-22,389.13,389.64
2020-12-23,390.66,391.5
2020-12-24,392.37,391.39
2020-12-27,392.63,395.77
2020-12-28,390.42,391.46
2020-12-29,390.46,391.01
2020-12-30,392.56,393.66
2021-01-03,397.93,397.54
2021-01-04,400.14,399.84
2021-01-05,400.87,401.44
2021-01-06,398.1,396.11
2021-01-07,395.25,396.46
2021-01-10,384.25,381.49
2021-01-11,387.62,384.84
2021-01-12,386.87,387.71
2021-01-13,384.11,385.54
2021-01-14,385.53,386.12
2021-01-17,384.68,381.82
2021-01-18,384.82,384.99
2021-01-19,386.43,385.66
2021-01-20,389.73,388.64
2021-01-21,387.96,388.31
2021-01-24,386.27,387.79
2021-01-25,387.05,387.39
2021-01-26,384.92,383.99
2021-01-27,383.4,383.87
2021-01-28,385.0,383.81
2021-01-31,389.02,386.64
2021-02-01,386.19,388.12
2021-02-02,382.34,383.55
2021-02-03,379.48,379.95
2021-02-04,375.33,374.99
2021-02-07,378.69,377.74
2021-02-08,383.02,382.62
2021-02-09,383.07,382.17
2021-02-17,371.86,370.63
2021-02-18,370.31,369.28
2021-02-21,374.42,372.82
2021-02-22,378.12,378.28
2021-02-23,377.44,377.8
2021-02-24,373.86,374.88
2021-02-25,368.31,370.32
2021-02-28,366.56,364.68
2021-03-01,360.1,358.85
2021-03-02,361.74,361.97
2021-03-03,358.59,358.4
2021-03-04,355.19,353.82
2021-03-07,359.17,359.79
2021-03-08,357.71,355.81
2021-03-09,361.36,360.91
2021-03-10,364.52,363.6
2021-03-11,359.72,361.79
2021-03-14,362.91,363.65
2021-03-15,363.58,363.71
2021-03-16,364.73,364.35
2021-03-17,367.85,367.62
2021-03-18,366.07,364.23
2021-03-21,364.38,365.6
2021-03-22,365.71,364.83
2021-03-23,365.09,365.2
2021-03-24,365.92,365.79
2021-03-25,364.96,365.05
2021-03-28,365.24,365.79
2021-03-29,360.76,362.52
2021-03-30,356.58,356.17
2021-03-31,363.99,362.13
2021-04-01,368.38,368.56
2021-04-05,366.46,367.28
2021-04-06,367.78,367.26
2021-04-07,368.79,367.28
2021-04-08,370.57,371.33
2021-04-11,368.5,368.28
2021-04-12,365.07,366.86
2021-04-13,368.75,368.63
2021-04-14,368.54,366.38
2021-04-15,371.78,371.6
2021-04-18,374.78,374.6
2021-04-19,371.27,371.34
2021-04-20,375.02,373.94
2021-04-21,375.23,376.04
2021-04-22,374.41,374.9
2021-04-25,372.65,372.95
2021-04-26,372.97,372.41
2021-04-27,370.64,371.17
2021-04-28,371.81,374.06
2021-04-29,370.52,369.31
2021-05-05,375.64,374.05
2021-05-06,379.39,378.63
2021-05-09,380.68,380.58
2021-05-10,380.75,380.98
2021-05-11,381.28,379.89
2021-05-12,379.5,379.73
2021-05-13,381.52,379.77
2021-05-16,385.71,385.0
2021-05-17,388.35,389.28
2021-05-18,388.74,387.36
2021-05-19,389.3,389.19
2021-05-20,389.33,389.1
2021-05-23,390.85,392.05
2021-05-24,389.67,387.88
2021-05-25,393.3,394.02
2021-05-26,391.27,390.7
2021-05-27,388.44,389.9
2021-05-30,391.22,391.8
2021-05-31,393.56,392.98
2021-06-01,387.57,390.31
2021-06-02,385.08,389.26
2021-06-03,381.25,375.97
2021-06-06,383.82,383.83
2021-06-07,385.54,386.01
2021-06-08,385.7,385.51
2021-06-09,384.68,384.26
2021-06-10,387.9,388.03
2021-06-14,381.33,379.61
2021-06-15,380.9,379.68
2021-06-16,374.57,375.86
2021-06-17,370.29,370.14
2021-06-20,370.51,369.07
2021-06-21,371.4,371.82
2021-06-22,372.3,372.04
2021-06-23,370.45,371.06
2021-06-24,370.09,370.76
2021-06-27,370.92,369.21
2021-06-28,369.58,369.6
2021-06-29,366.13,367.05
2021-06-30,370.42,369.17
2021-07-01,371.15,371.07
2021-07-04,371.99,372.48
2021-07-05,375.6,374.01
2021-07-06,375.64,375.41
2021-07-07,375.05,375.21
2021-07-08,375.88,376.83
2021-07-11,375.38,376.58
2021-07-12,376.97,376.92
2021-07-13,377.82,377.24
2021-07-14,380.7,379.98
2021-07-15,379.72,380.27
2021-07-18,376.46,378.35
2021-07-19,379.08,379.46
2021-07-20,377.32,376.49
2021-07-21,374.89,375.06
2021-07-22,376.46,375.99
2021-07-25,377.29,376.94
2021-07-26,374.42,374.37
2021-07-27,378.08,377.44
2021-07-28,379.25,379.11
2021-07-29,380.47,380.25
2021-08-01,376.4,377.03
2021-08-02,376.61,377.31
2021-08-03,377.37,377.33
2021-08-04,376.78,376.8
2021-08-05,374.81,375.07
2021-08-08,364.85,363.09
2021-08-09,363.04,362.79
2021-08-10,362.59,362.07
2021-08-11,366.2,365.53
2021-08-12,367.15,366.63
2021-08-15,370.45,371.4
2021-08-16,374.47,372.87
2021-08-17,374.54,373.97
2021-08-18,373.09,372.92
2021-08-19,374.47,373.65
2021-08-22,373.82,373.79
2021-08-23,376.5,376.38
2021-08-24,374.63,374.61
2021-08-25,373.06,373.68
2021-08-26,376.52,375.36
2021-08-29,377.67,378.46
2021-08-30,377.73,377.61
2021-08-31,377.9,377.18
2021-09-01,377.44,377.36
2021-09-02,377.19,377.34
2021-09-05,379.81,379.99
2021-09-06,378.09,379.88
2021-09-07,373.85,374.7
2021-09-08,372.32,372.57
2021-09-09,374.58,373.53
2021-09-12,372.5,372.19
2021-09-13,372.86,372.93
2021-09-14,374.09,374.98
2021-09-15,371.03,372.55
2021-09-16,367.26,366.27
2021-09-21,371.74,371.98
2021-09-22,368.74,368.68
2021-09-23,366.46,365.47
2021-09-26,367.4,367.51
2021-09-27,364.21,366.16
2021-09-28,363.54,363.6
2021-09-29,361.47,363.05
2021-10-07,366.78,366.5
2021-10-10,365.24,366.35
2021-10-11,367.26,366.55
2021-10-12,367.06,367.09
2021-10-13,371.99,371.71
2021-10-14,371.48,372.53
2021-10-17,366.62,367.89
2021-10-18,367.68,367.04
2021-10-19,366.66,365.55
2021-10-20,368.36,368.9
2021-10-21,369.79,368.54
2021-10-24,369.12,369.35
2021-10-25,370.7,370.78
2021-10-26,367.86,367.66
2021-10-27,371.5,370.88
2021-10-28,369.66,370.2
2021-10-31,367.9,369.03
2021-11-01,370.1,369.28
2021-11-02,367.37,367.69
2021-11-03,365.72,366.51
2021-11-04,370.72,370.52
2021-11-07,374.72,375.25
2021-11-08,376.0,375.95
2021-11-09,376.16,376.52
2021-11-10,381.84,380.29
2021-11-11,382.33,382.44
2021-11-14,380.89,381.58
2021-11-15,382.64,383.12
2021-11-16,381.17,380.84
2021-11-17,382.6,383.59
2021-11-18,381.8,382.4
2021-11-21,378.56,379.94
2021-11-22,371.31,372.31
2021-11-23,369.6,369.59
2021-11-24,369.34,369.28
2021-11-25,371.21,369.35
2021-11-28,369.67,369.45
2021-11-29,368.63,367.79
2021-11-30,367.5,364.94
2021-12-01,365.73,366.12
2021-12-02,364.83,364.66
2021-12-05,367.58,367.48
2021-12-06,366.84,366.51
2021-12-07,367.36,367.72
2021-12-08,365.8,366.0
2021-12-09,364.83,366.38
2021-12-12,367.03,367.38
2021-12-13,367.57,367.86
2021-12-14,363.67,364.59
2021-12-15,367.07,366.83
2021-12-16,371.73,370.81
2021-12-19,371.13,371.17
2021-12-20,368.9,368.98
2021-12-21,368.0,368.39
2021-12-22,371.63,371.83
2021-12-23,372.43,372.71
2021-12-26,372.27,372.51
2021-12-27,373.27,372.15
2021-12-28,371.51,371.47
2021-12-29,369.81,370.93
2021-12-30,374.0,373.29
2022-01-03,371.11,371.1
2022-01-04,372.52,372.81
2022-01-05,370.06,371.38
2022-01-06,368.26,368.24
2022-01-09,368.6,369.07
2022-01-10,371.66,371.02
2022-01-11,373.6,373.5
2022-01-12,374.32,374.11
2022-01-13,374.31,374.19
2022-01-16,372.41,372.39
2022-01-17,371.83,372.69
2022-01-18,371.61,371.62
2022-01-19,376.31,376.35
2022-01-20,376.4,376.2
2022-01-23,375.39,375.13
2022-01-24,376.1,375.92
2022-01-25,376.73,376.95
2022-01-26,370.81,371.14
2022-01-27,368.69,368.52
2022-02-06,371.12,371.0
2022-02-07,373.21,373.65
2022-02-08,374.94,374.81
2022-02-09,375.87,376.13
2022-02-10,373.97,374.28
2022-02-13,379.9,381.02
2022-02-14,384.18,382.86
2022-02-15,378.81,378.27
2022-02-16,382.64,381.06
2022-02-17,385.42,385.35
2022-02-20,385.32,386.23
2022-02-21,389.73,389.41
2022-02-22,386.94,386.83
2022-02-23,394.94,389.23
2022-02-24,390.06,388.51
2022-02-27,387.87,388.87
2022-02-28,387.9,386.8
2022-03-01,393.51,394.1
2022-03-02,392.32,392.66
2022-03-03,393.75,393.6
2022-03-06,402.29,404.81
2022-03-07,409.6,402.5
2022-03-08,415.48,415.71
2022-03-09,402.67,400.65
2022-03-10,403.65,405.66
2022-03-13,401.68,402.62
2022-03-14,393.83,397.58
2022-03-15,390.79,391.51
2022-03-16,394.54,394.51
2022-03-17,395.07,395.73
2022-03-20,393.89,394.47
2022-03-21,396.44,395.7
2022-03-22,393.85,394.26
2022-03-23,398.27,398.71
2022-03-24,400.83,401.69
2022-03-27,396.92,400.0
2022-03-28,394.59,394.98
2022-03-29,393.96,394.14
2022-03-30,393.55,393.92
2022-03-31,395.3,395.73
2022-04-05,393.62,394.52
2022-04-06,394.18,393.53
2022-04-07,395.05,395.77
2022-04-10,398.22,398.24
2022-04-11,400.81,401.08
2022-04-12,402.44,402.65
2022-04-13,402.94,404.41
2022-04-14,404.46,404.57
2022-04-17,406.75,406.04
2022-04-18,404.34,404.63
2022-04-19,399.31,400.29
2022-04-20,404.02,402.6
2022-04-21,405.9,404.99
2022-04-24,403.75,404.68
2022-04-25,400.55,400.55
2022-04-26,400.32,400.86
2022-04-27,399.74,397.71
2022-04-28,404.95,405.48
2022-05-04,403.77,403.69
2022-05-05,402.81,402.47
2022-05-08,404.53,404.36
2022-05-09,401.62,402.5
2022-05-10,399.39,397.69
2022-05-11,403.31,402.51
2022-05-12,399.36,399.82
2022-05-15,395.58,396.64
2022-05-16,397.72,397.99
2022-05-17,393.27,393.76
2022-05-18,394.87,395.33
2022-05-19,397.45,397.7
2022-05-22,397.41,398.73
2022-05-23,398.43,397.17
2022-05-24,398.97,399.63
2022-05-25,400.67,399.82
2022-05-26,402.36,402.18
2022-05-29,398.96,399.63
2022-05-30,397.85,397.64
2022-05-31,395.47,395.36
2022-06-01,398.46,398.08
2022-06-05,397.35,397.36
2022-06-06,395.57,395.31
2022-06-07,397.38,397.19
2022-06-08,398.11,399.17
2022-06-09,396.97,397.57
2022-06-12,403.61,403.77
2022-06-13,395.92,396.76
2022-06-14,393.91,393.59
2022-06-15,395.19,395.02
2022-06-16,397.83,397.62
2022-06-19,396.36,396.61
2022-06-20,395.56,396.12
2022-06-21,395.52,395.24
2022-06-22,396.03,396.34
2022-06-23,393.21,393.96
2022-06-26,395.78,395.51
2022-06-27,393.52,393.76
2022-06-28,392.86,393.57
2022-06-29,392.06,392.95
2022-06-30,388.67,389.85
2022-07-03,390.58,390.61
2022-07-04,390.21,390.3
2022-07-05,382.32,382.94
2022-07-06,377.22,376.29
2022-07-07,376.75,376.49
2022-07-10,376.69,376.87
2022-07-11,376.74,376.87
2022-07-12,374.21,375.0
2022-07-13,373.57,375.0
2022-07-14,372.4,373.5
2022-07-17,373.46,373.6
2022-07-18,372.5,372.16
2022-07-19,372.44,372.71
2022-07-20,369.38,370.2
2022-07-21,375.15,374.91
2022-07-24,376.46,376.23
2022-07-25,376.69,376.36
2022-07-26,375.83,375.65
2022-07-27,379.36,378.76
2022-07-28,384.72,382.62
2022-07-31,384.67,384.91
2022-08-01,387.27,389.02
2022-08-02,385.64,385.07
2022-08-03,386.65,385.73
2022-08-04,389.84,389.61
2022-08-07,387.92,387.48
2022-08-08,389.4,389.42
2022-08-09,390.47,391.37
2022-08-10,388.65,389.22
2022-08-11,390.17,389.56
2022-08-14,391.18,391.77
2022-08-15,390.68,390.64
2022-08-16,389.04,389.32
2022-08-17,386.91,387.09
2022-08-18,386.53,386.56
2022-08-21,385.58,386.06
2022-08-22,386.84,386.83
2022-08-23,388.64,388.19
2022-08-24,389.91,389.45
2022-08-25,390.68,389.69
2022-08-28,387.38,387.55
2022-08-29,388.94,389.44
2022-08-30,386.53,387.03
2022-08-31,383.76,383.42
2022-09-01,383.24,382.31
2022-09-04,386.93,385.89
2022-09-05,388.87,388.09
2022-09-06,386.39,386.02
2022-09-07,389.53,389.2
2022-09-08,389.85,388.83
2022-09-12,389.63,389.3
2022-09-13,386.99,387.1
2022-09-14,384.99,386.23
2022-09-15,383.68,383.67
2022-09-18,384.8,384.5
2022-09-19,385.73,386.26
2022-09-20,386.26,385.53
2022-09-21,385.79,385.63
2022-09-22,387.7,387.67
2022-09-25,384.59,384.62
2022-09-26,385.47,384.09
2022-09-27,387.17,386.0
2022-09-28,389.52,389.66
2022-09-29,389.82,389.84
2022-10-09,392.92,394.15
2022-10-10,392.4,392.26
2022-10-11,392.63,392.14
2022-10-12,392.86,393.26
2022-10-13,392.39,391.65
2022-10-16,390.66,391.14
2022-10-17,391.3,390.67
2022-10-18,390.43,391.44
2022-10-19,388.63,388.65
2022-10-20,388.23,388.91
2022-10-23,393.1,392.49
2022-10-24,393.94,394.19
2022-10-25,394.09,394.19
2022-10-26,393.24,392.55
2022-10-27,392.96,393.66
2022-10-30,391.77,391.83
2022-10-31,392.0,392.4
2022-11-01,392.71,392.83
2022-11-02,391.74,391.73
2022-11-03,391.8,391.54
2022-11-06,394.46,394.39
2022-11-07,395.57,395.9
2022-11-08,403.65,402.29
2022-11-09,403.87,403.79
2022-11-10,407.18,408.9
2022-11-13,403.5,405.8
2022-11-14,404.87,405.57
2022-11-15,406.81,406.58
2022-11-16,407.55,407.62
2022-11-17,407.12,407.73
2022-11-20,404.87,405.08
2022-11-21,404.81,404.78
2022-11-22,404.3,404.43
2022-11-23,405.88,406.57
2022-11-24,406.94,407.52
2022-11-27,407.64,408.04
2022-11-28,406.52,406.81
2022-11-29,405.85,405.58
2022-11-30,406.99,405.84
2022-12-01,409.51,409.49
2022-12-04,405.51,407.85
2022-12-05,401.37,401.87
2022-12-06,401.5,401.72
2022-12-07,402.88,402.65
2022-12-08,404.09,403.85
2022-12-11,403.91,404.63
2022-12-12,403.74,403.44
2022-12-13,408.22,407.79
2022-12-14,404.87,405.26
2022-12-15,403.0,402.35
2022-12-18,405.78,405.45
2022-12-19,405.92,404.77
2022-12-20,409.27,409.87
2022-12-21,409.82,410.26
2022-12-22,406.56,406.68
2022-12-25,407.07,407.02
2022-12-26,407.59,407.13
2022-12-27,408.39,409.27
2022-12-28,407.97,408.7
2022-12-29,410.46,409.32
2023-01-02,410.66,410.22
2023-01-03,412.47,412.57
2023-01-04,412.35,413.71
2023-01-05,409.39,409.58
2023-01-08,413.77,413.94
2023-01-09,413.39,412.46
2023-01-10,414.64,413.55
2023-01-11,414.14,413.7
2023-01-12,414.43,414.7
2023-01-15,416.7,418.07
2023-01-16,418.53,418.62
2023-01-17,417.52,419.04
2023-01-18,419.37,417.85
2023-01-19,422.31,423.54
2023-01-29,422.19,421.39
2023-01-30,419.31,421.47
2023-01-31,421.26,421.39
2023-02-01,424.53,424.84
2023-02-02,419.27,419.34
2023-02-05,413.73,413.89
2023-02-06,412.85,412.59
2023-02-07,412.8,412.59
2023-02-08,413.69,413.37
2023-02-09,411.88,410.52
2023-02-12,413.7,413.01
2023-02-13,413.53,411.87
2023-02-14,412.38,413.91
2023-02-15,412.0,412.07
2023-02-16,411.36,411.43
2023-02-19,413.08,413.4
2023-02-20,412.49,413.1
2023-02-21,413.67,413.66
2023-02-22,412.74,412.5
2023-02-23,413.64,413.5
2023-02-26,413.01,413.1
2023-02-27,413.2,413.76
2023-02-28,414.71,414.58
2023-03-01,414.25,413.99
2023-03-02,416.1,415.36
2023-03-05,419.2,418.6
2023-03-06,419.54,419.8
2023-03-07,415.01,415.17
2023-03-08,415.25,414.96
2023-03-09,417.58,417.41
2023-03-12,421.16,422.6
2023-03-13,426.33,425.31
2023-03-14,426.53,425.95
2023-03-15,430.29,429.21
2023-03-16,432.46,430.98
2023-03-19,446.46,440.81
2023-03-20,441.47,442.77
2023-03-21,435.1,434.69
2023-03-22,438.09,438.62
2023-03-23,439.63,440.7
2023-03-26,437.65,438.52
2023-03-27,435.12,436.02
2023-03-28,436.99,437.93
2023-03-29,437.66,437.08
2023-03-30,440.01,439.01
2023-04-02,434.87,436.16
2023-04-03,439.88,439.57
2023-04-05,446.5,445.95
2023-04-06,446.33,446.15
2023-04-09,442.02,442.18
2023-04-10,443.7,442.47
2023-04-11,447.45,447.22
2023-04-12,447.84,447.34
2023-04-13,449.76,451.33
2023-04-16,445.29,444.27
2023-04-17,443.47,442.72
2023-04-18,443.24,444.76
2023-04-19,444.06,443.78
2023-04-20,442.05,444.61
2023-04-23,440.8,441.28
2023-04-24,444.59,444.25
2023-04-25,445.83,446.07
2023-04-26,446.46,446.24
2023-04-27,443.25,443.85
2023-05-03,453.24,453.77
2023-05-04,455.57,455.84
2023-05-07,450.32,449.49
2023-05-08,451.01,451.07
2023-05-09,453.01,453.03
2023-05-10,452.91,453.99
2023-05-11,449.94,450.43
2023-05-14,451.91,452.19
2023-05-15,450.64,452.07
2023-05-16,448.79,449.07
2023-05-17,447.97,448.36
2023-05-18,446.32,446.02
2023-05-21,448.22,448.53
2023-05-22,446.49,446.39
2023-05-23,448.74,449.56
2023-05-24,446.97,446.36
2023-05-25,444.53,444.84
2023-05-28,444.6,443.86
2023-05-29,443.65,444.48
2023-05-30,449.55,448.25
2023-05-31,449.82,449.74
2023-06-01,451.16,451.93
2023-06-04,446.09,446.21
2023-06-05,449.03,449.57
2023-06-06,449.71,450.29
2023-06-07,447.6,448.0
2023-06-08,451.17,450.5
2023-06-11,451.55,450.33
2023-06-12,452.72,452.03
2023-06-13,449.98,449.94
2023-06-14,446.1,448.24
2023-06-15,450.01,450.52
2023-06-18,450.45,450.37
2023-06-19,451.13,450.58
2023-06-20,449.33,449.43
2023-06-25,448.65,448.21
2023-06-26,448.49,449.43
2023-06-27,446.68,446.93
2023-06-28,447.5,447.63
2023-06-29,448.6,448.71
2023-07-02,449.46,449.7
2023-07-03,450.08,450.18
2023-07-04,450.44,450.44
2023-07-05,450.45,450.32
2023-07-06,449.56,448.77
2023-07-09,451.0,450.61
2023-07-10,450.99,450.96
2023-07-11,450.91,451.18
2023-07-12,455.0,454.5
2023-07-13,452.74,454.39
2023-07-16,454.36,453.78
2023-07-17,455.77,454.97
2023-07-18,461.27,460.58
2023-07-19,460.93,461.46
2023-07-20,458.25,458.57
2023-07-23,457.98,457.48
2023-07-24,455.85,456.68
2023-07-25,457.59,456.99
2023-07-26,458.7,458.38
2023-07-27,455.23,455.4
2023-07-30,455.28,455.27
2023-07-31,456.69,456.94
2023-08-01,456.38,455.7
2023-08-02,454.49,454.52
2023-08-03,453.88,453.56
2023-08-06,455.06,455.54
2023-08-07,455.21,455.25
2023-08-08,454.8,454.76
2023-08-09,453.43,452.99
2023-08-10,455.19,454.21
2023-08-13,455.89,455.39
2023-08-14,455.91,455.49
2023-08-15,457.06,456.85
2023-08-16,457.14,456.48
2023-08-17,455.82,456.11
2023-08-20,457.67,456.77
2023-08-21,457.32,456.91
2023-08-22,458.58,458.05
2023-08-23,460.04,460.12
2023-08-24,458.84,459.33
2023-08-27,459.06,458.63
2023-08-28,460.59,460.21
2023-08-29,461.99,462.18
2023-08-30,463.51,463.53
2023-08-31,463.01,461.92
2023-09-03,465.28,465.3
2023-09-04,465.67,465.19
2023-09-05,464.68,465.56
2023-09-06,464.49,464.88
2023-09-07,467.41,467.22
2023-09-10,467.92,468.49
2023-09-11,468.62,468.2
2023-09-12,470.0,469.14
2023-09-13,474.58,474.68
2023-09-14,470.43,479.08
2023-09-17,467.83,469.83
2023-09-18,471.06,469.81
2023-09-19,473.9,474.13
2023-09-20,472.87,475.58
2023-09-21,471.71,473.07
2023-09-24,474.25,472.6
2023-09-25,474.34,473.78
2023-09-26,466.49,473.14
2023-09-27,450.36,461.52
2023-10-08,454.8,454.6
2023-10-09,448.86,450.09
2023-10-10,450.93,449.5
2023-10-11,453.5,452.83
2023-10-12,455.18,453.22
2023-10-15,462.53,462.89
2023-10-16,463.52,462.53
2023-10-17,466.7,467.67
2023-10-18,469.78,470.11
2023-10-19,474.96,476.2
2023-10-22,473.98,474.18
2023-10-23,473.13,474.19
2023-10-24,472.52,472.99
2023-10-25,475.19,474.46
2023-10-26,475.42,475.68
2023-10-29,477.88,480.59
2023-10-30,478.25,477.89
2023-10-31,476.06,476.2
2023-11-01,476.83,476.65
2023-11-02,476.83,476.3
2023-11-05,474.76,476.48
2023-11-06,472.83,473.42
2023-11-07,470.7,471.17
2023-11-08,467.94,468.27
2023-11-09,470.55,470.08
2023-11-12,468.84,468.66
2023-11-13,470.66,469.67
2023-11-14,472.23,471.73
2023-11-15,470.82,470.34
2023-11-16,471.93,472.86
2023-11-19,467.54,470.56
2023-11-20,466.46,466.25
2023-11-21,464.8,467.09
2023-11-22,464.3,464.29
2023-11-23,464.82,464.39
2023-11-26,469.23,468.82
2023-11-27,471.82,470.29
2023-11-28,474.38,475.24
2023-11-29,474.54,474.64
2023-11-30,474.73,474.36
2023-12-03,480.89,482.53
2023-12-04,473.65,474.23
2023-12-05,472.88,471.77
2023-12-06,473.57,473.86
2023-12-07,474.3,474.58
2023-12-10,471.23,470.6
2023-12-11,468.86,466.75
2023-12-12,468.89,469.16
2023-12-13,475.37,475.05
2023-12-14,474.81,474.47
2023-12-17,474.35,472.77
2023-12-18,474.77,474.87
2023-12-19,476.9,475.59
2023-12-20,476.36,477.34
2023-12-21,479.1,479.82
2023-12-24,479.26,478.95
2023-12-25,481.46,480.2
2023-12-26,482.03,481.41
2023-12-27,482.65,484.4
2023-12-28,480.93,479.94
2024-01-01,482.37,480.92
2024-01-02,482.4,482.56
2024-01-03,480.93,479.76
2024-01-04,481.33,481.66
2024-01-07,482.05,480.88
2024-01-08,479.61,480.74
2024-01-09,478.9,479.79
2024-01-10,479.06,478.66
2024-01-11,480.0,479.59
2024-01-14,482.67,481.95
2024-01-15,483.27,482.77
2024-01-16,479.98,481.27
2024-01-17,478.14,478.13
2024-01-18,480.05,479.82
2024-01-21,478.83,481.0
2024-01-22,478.84,477.67
2024-01-23,478.85,478.79
2024-01-24,476.42,476.45
2024-01-25,478.61,478.35
2024-01-28,479.78,479.21
2024-01-29,480.92,480.3
2024-01-30,481.19,481.11
2024-01-31,481.87,482.22
2024-02-01,483.65,483.41
2024-02-04,480.74,482.55
2024-02-05,479.56,479.85
2024-02-06,480.8,480.89
2024-02-07,482.02,482.01
2024-02-08,480.24,481.89
2024-02-18,480.07,479.25
2024-02-19,479.91,479.59
2024-02-20,479.78,480.43
2024-02-21,479.57,479.05
2024-02-22,478.32,479.61
2024-02-25,480.91,480.69
2024-02-26,480.57,480.64
2024-02-27,480.42,480.74
2024-02-28,480.99,480.73
2024-02-29,482.99,482.71
2024-03-03,489.12,489.9
2024-03-04,496.29,494.44
2024-03-05,499.33,498.14
2024-03-06,505.09,502.98
2024-03-07,505.12,504.65
2024-03-10,507.54,508.34
2024-03-11,505.42,507.29
2024-03-12,504.6,504.27
2024-03-13,505.41,506.76
2024-03-14,506.75,505.35
2024-03-17,503.1,503.92
2024-03-18,503.97,505.32
2024-03-19,504.64,504.73
2024-03-20,514.3,513.87
2024-03-21,511.4,510.53
2024-03-24,511.92,513.44
2024-03-25,512.91,512.82
2024-03-26,515.3,514.73
2024-03-27,518.58,516.87
2024-03-28,529.8,527.45
2024-03-31,532.97,532.05
2024-04-01,533.38,530.99
2024-04-02,540.16,539.42
2024-04-07,553.7,551.65
2024-04-08,555.55,555.88
2024-04-09,557.69,556.64
2024-04-10,554.01,555.01
2024-04-11,568.1,566.59
2024-04-14,560.78,562.35
2024-04-15,564.66,565.84
2024-04-16,565.63,567.05
2024-04-17,563.37,560.96
2024-04-18,565.83,571.14
2024-04-21,556.11,562.69
2024-04-22,542.93,545.87
2024-04-23,548.15,546.9
2024-04-24,547.68,547.56
2024-04-25,551.65,549.69
2024-04-28,548.52,549.69
2024-04-29,546.99,548.23
2024-05-05,544.08,543.6
2024-05-06,545.28,545.43
2024-05-07,544.54,542.89
2024-05-08,543.61,543.31
2024-05-09,556.44,551.8
2024-05-12,553.36,555.15
2024-05-13,551.81,552.74
2024-05-14,555.46,555.63
2024-05-15,560.67,560.89
2024-05-16,561.14,559.75
2024-05-19,574.83,572.72
2024-05-20,568.2,571.32
2024-05-21,568.9,571.0
2024-05-22,556.29,558.41
2024-05-23,550.57,549.68
2024-05-26,552.51,552.03
2024-05-27,552.72,555.81
2024-05-28,555.96,556.55
2024-05-29,551.69,552.0
2024-05-30,553.45,553.31
2024-06-02,549.25,550.66
2024-06-03,553.56,554.16
2024-06-04,550.9,550.43
2024-06-05,558.97,559.08
2024-06-06,559.6,559.78
2024-06-10,542.78,542.52
2024-06-11,545.87,545.4
2024-06-12,545.9,545.63
2024-06-13,546.36,544.17
2024-06-16,547.08,548.67
2024-06-17,547.66,548.38
2024-06-18,549.54,549.44
2024-06-19,553.96,551.91
2024-06-20,556.92,557.27
2024-06-23,548.59,548.41
2024-06-24,549.49,549.31
2024-06-25,546.21,546.1
2024-06-26,543.06,542.67
2024-06-27,549.47,547.56
2024-06-30,549.47,549.64
2024-07-01,550.41,550.96
2024-07-02,553.52,550.79
2024-07-03,556.4,557.61
2024-07-04,557.81,557.17
2024-07-07,559.43,562.17
2024-07-08,556.81,557.03
2024-07-09,559.46,558.44
2024-07-10,561.49,560.02
2024-07-11,564.46,565.71
2024-07-14,564.29,566.19
2024-07-15,570.2,569.25
2024-07-16,577.33,581.09
2024-07-17,577.12,575.22
2024-07-18,562.3,566.9
2024-07-21,562.59,562.58
2024-07-22,559.65,562.43
2024-07-23,566.13,564.87
2024-07-24,552.54,555.06
2024-07-25,554.8,552.93
2024-07-28,558.68,558.43
2024-07-29,558.91,556.63
2024-07-30,564.0,561.09
2024-07-31,568.49,569.32
2024-08-01,571.09,570.21
2024-08-04,558.05,559.94
2024-08-05,553.24,555.31
2024-08-06,554.77,552.85
2024-08-07,554.81,553.0
2024-08-08,559.5,561.15
2024-08-11,563.74,560.86
2024-08-12,568.1,569.34
2024-08-13,566.6,565.48
2024-08-14,565.69,564.42
2024-08-15,566.41,566.4
2024-08-18,572.14,570.84
2024-08-19,572.7,571.41
2024-08-20,574.63,574.75
2024-08-21,573.01,573.65
2024-08-22,571.3,570.63
2024-08-25,574.45,573.96
2024-08-26,574.6,572.87
2024-08-27,573.78,575.46
2024-08-28,574.16,575.29
2024-08-29,573.63,573.21
2024-09-01,569.91,569.62
2024-09-02,570.96,570.79
2024-09-03,567.4,569.51
2024-09-04,570.83,568.98
2024-09-05,572.5,571.98
2024-09-08,568.62,570.68
2024-09-09,572.44,572.07
2024-09-10,575.24,574.51
2024-09-11,574.43,573.74
2024-09-12,583.19,582.79
2024-09-17,582.63,583.08
2024-09-18,581.62,581.46
2024-09-19,587.29,584.43
2024-09-22,592.56,590.73
2024-09-23,592.12,593.55
2024-09-24,596.26,597.09
2024-09-25,597.46,598.16
2024-09-26,597.53,599.01
2024-09-29,594.57,593.92
2024-10-07,593.87,596.27
2024-10-08,586.76,589.58
2024-10-09,588.93,587.08
2024-10-10,595.48,595.34
2024-10-13,601.39,597.28
2024-10-14,601.67,600.73
2024-10-15,610.06,606.92
2024-10-16,612.74,612.22
2024-10-17,617.18,619.51
2024-10-20,624.21,622.03
2024-10-21,624.79,624.27
2024-10-22,628.21,625.87
2024-10-23,622.96,620.7
2024-10-24,622.77,622.26
2024-10-27,625.28,623.62
2024-10-28,629.96,629.63
2024-10-29,636.83,635.36
2024-10-30,634.27,635.91
2024-10-31,628.2,627.24
2024-11-03,623.68,624.45
2024-11-04,623.47,623.06
2024-11-05,623.24,627.51
2024-11-06,609.72,611.33
2024-11-07,613.73,615.69
2024-11-10,614.06,613.86
2024-11-11,604.04,606.73
2024-11-12,602.87,603.35
2024-11-13,591.42,595.33
2024-11-14,591.93,593.84
2024-11-17,598.79,599.41
2024-11-18,608.12,605.53
2024-11-19,609.35,611.38
2024-11-20,616.16,615.22
2024-11-21,623.75,620.76
2024-11-24,616.26,624.55
2024-11-25,608.21,609.53
2024-11-26,614.31,611.12
2024-11-27,610.69,608.12
2024-11-28,615.69,615.05
2024-12-01,611.57,610.64
2024-12-02,617.04,615.82
2024-12-03,616.15,616.39
2024-12-04,616.35,616.45
2024-12-05,614.01,610.35
2024-12-08,617.15,617.37
2024-12-09,619.41,620.29
2024-12-10,624.79,625.59
2024-12-11,629.04,627.45
2024-12-12,623.77,624.43
2024-12-15,617.67,617.23
2024-12-16,617.3,619.42
2024-12-17,616.7,617.41
2024-12-18,611.85,611.44
2024-12-19,612.32,610.43
2024-12-22,618.26,616.58
2024-12-23,616.12,616.39
2024-12-24,617.08,617.34
2024-12-25,617.96,618.02
2024-12-26,618.43,618.33
2024-12-29,616.32,617.09
2024-12-30,616.26,614.41
2025-01-01,621.68,620.84
2025-01-02,626.77,626.48
2025-01-05,624.1,626.13
2025-01-06,624.76,623.84
2025-01-07,627.13,625.98
2025-01-08,630.36,627.83
2025-01-09,634.72,632.24
2025-01-12,636.66,636.96
2025-01-13,632.29,631.73
2025-01-14,634.74,632.46
2025-01-15,636.95,637.69
2025-01-16,638.72,640.16
2025-01-19,637.91,634.46
2025-01-20,637.85,637.19
2025-01-21,643.32,643.21
2025-01-22,643.9,643.8
2025-01-23,646.59,647.03
2025-01-26,644.29,645.14
2025-02-04,668.01,667.7
2025-02-05,667.52,670.01
2025-02-06,668.03,669.65
2025-02-09,677.64,673.77
2025-02-10,684.64,690.04
2025-02-11,680.44,680.64
2025-02-12,683.34,683.74
2025-02-13,686.99,686.01
2025-02-16,676.02,676.13
2025-02-17,682.21,677.64
2025-02-18,686.61,688.38
2025-02-19,688.76,686.94
2025-02-20,683.66,685.51
2025-02-23,685.46,682.97
2025-02-24,684.99,687.73
2025-02-25,679.22,681.12
2025-02-26,676.54,680.22
2025-02-27,671.8,674.39
2025-03-02,672.23,672.32
2025-03-03,676.35,676.29
2025-03-04,681.66,680.09
2025-03-05,680.5,681.25
2025-03-06,679.43,677.83
2025-03-09,681.17,680.31
2025-03-10,677.38,676.08
2025-03-11,679.54,678.52
2025-03-12,684.56,684.48
2025-03-13,694.6,695.83
2025-03-16,695.68,695.16
2025-03-17,700.24,698.75
2025-03-18,707.67,704.63
2025-03-19,709.12,709.11
2025-03-20,705.83,707.47
2025-03-23,706.01,705.96
2025-03-24,705.12,704.05
2025-03-25,707.36,707.13
2025-03-26,708.8,707.9
2025-03-27,721.16,719.48
2025-03-30,728.34,724.1
2025-03-31,735.51,735.48
2025-04-01,732.66,736.02
2025-04-02,737.95,744.22
2025-04-06,716.19,723.52
2025-04-07,718.34,716.15
2025-04-08,726.26,719.02
2025-04-09,742.95,741.06
2025-04-10,756.94,760.66
2025-04-13,762.48,764.85
2025-04-14,762.75,762.49
2025-04-15,779.86,775.12
2025-04-16,788.32,789.87
2025-04-17,790.46,787.29
2025-04-20,803.84,800.44
2025-04-21,830.03,821.75
2025-04-22,786.16,804.14
2025-04-23,793.13,797.74
2025-04-24,785.9,797.03
2025-04-27,778.7,777.08
2025-04-28,782.74,787.13
2025-04-29,778.89,782.46
2025-05-05,792.86,796.33
2025-05-06,799.1,797.99
2025-05-07,786.98,804.64
2025-05-08,785.54,776.1
2025-05-11,766.27,770.45
2025-05-12,763.87,755.62
2025-05-13,758.55,761.21
2025-05-14,736.17,743.35
2025-05-15,748.62,750.12
2025-05-18,752.66,752.67
2025-05-19,751.54,752.31
2025-05-20,775.17,770.81
2025-05-21,776.85,780.29
2025-05-22,776.65,771.05
2025-05-25,774.33,776.76
2025-05-26,768.07,775.98
2025-05-27,768.61,769.24
2025-05-28,761.27,760.06
2025-05-29,768.02,768.09
2025-06-02,779.5,783.66
2025-06-03,779.61,781.74
2025-06-04,780.37,781.61
2025-06-05,779.91,779.88
2025-06-08,771.29,765.53
2025-06-09,772.7,767.6
2025-06-10,774.74,773.94
2025-06-11,781.68,782.67
2025-06-12,790.75,793.85
2025-06-15,788.88,796.15
2025-06-16,781.72,784.1
2025-06-17,782.37,780.81
2025-06-18,778.63,782.05
2025-06-19,775.46,777.49
2025-06-22,778.15,780.12
2025-06-23,769.24,774.83
2025-06-24,771.26,770.97
2025-06-25,772.07,770.84
2025-06-26,763.68,768.42
2025-06-29,762.95,761.62
2025-06-30,771.22,766.79
2025-07-01,771.38,771.23
2025-07-02,776.94,774.43
2025-07-03,772.79,771.04
2025-07-06,767.19,767.39
2025-07-07,772.23,772.25
2025-07-08,763.11,765.53
2025-07-09,769.27,769.13
2025-07-10,769.97,770.06
2025-07-13,776.79,774.32
2025-07-14,775.99,773.21
2025-07-15,772.47,770.27
2025-07-16,772.0,772.69
2025-07-17,772.72,773.14
2025-07-20,777.6,775.14
2025-07-21,780.79,780.93
2025-07-22,788.42,787.58
2025-07-23,774.8,777.76
2025-07-24,773.26,773.85
2025-07-27,771.23,769.11
2025-07-28,767.85,767.8
2025-07-29,769.74,770.32
2025-07-30,766.68,765.5
2025-07-31,767.07,766.23
2025-08-03,777.29,776.83
2025-08-04,778.88,781.31
2025-08-05,780.05,780.44
2025-08-06,781.41,780.65
2025-08-07,784.05,782.56
2025-08-10,776.2,778.24
2025-08-11,772.76,773.55
2025-08-12,774.2,773.07
2025-08-13,775.51,776.35
2025-08-14,772.66,771.71
2025-08-17,774.31,773.11
2025-08-18,771.9,771.73
2025-08-19,769.54,768.23
2025-08-20,771.83,773.19
2025-08-21,770.55,772.48
2025-08-24,775.89,775.08
2025-08-25,777.89,777.78
2025-08-26,778.31,779.25
2025-08-27,780.38,779.55
2025-08-28,782.17,781.94
2025-08-31,795.01,792.58
2025-09-01,799.95,801.79
2025-09-02,810.72,812.42
2025-09-03,808.93,811.21
2025-09-04,811.94,811.55
2025-09-07,819.45,817.59
2025-09-08,831.08,830.83
2025-09-09,829.88,828.04
2025-09-10,827.78,830.88
2025-09-11,830.98,830.49
2025-09-14,828.53,829.26
2025-09-15,838.42,837.07
2025-09-16,832.53,834.82
2025-09-17,822.49,830.36
2025-09-18,825.63,825.12
2025-09-21,840.77,835.44
2025-09-22,850.09,847.95
2025-09-23,855.42,850.54
2025-09-24,850.68,848.42
2025-09-25,852.4,851.61
2025-09-28,862.34,855.9
2025-09-29,872.38,870.99
2025-10-08,911.33,910.4
2025-10-09,898.59,903.58
2025-10-12,924.55,919.02
2025-10-13,936.14,945.32
2025-10-14,957.71,953.95
2025-10-15,967.46,967.36
2025-10-16,998.8,990.35
2025-10-19,972.39,976.81
2025-10-20,991.8,993.35
2025-10-21,951.41,941.48
2025-10-22,941.53,933.9
2025-10-23,936.94,942.46
2025-10-26,932.58,932.11
2025-10-27,899.11,914.25
2025-10-28,908.34,906.41
2025-10-29,908.96,899.0
2025-10-30,920.45,918.81
2025-11-02,919.45,914.28
2025-11-03,913.54,912.99
2025-11-04,910.37,904.68
2025-11-05,916.45,912.29
2025-11-06,919.3,916.35
2025-11-09,933.87,926.44
2025-11-10,946.77,948.23
2025-11-11,943.52,947.47
2025-11-12,958.72,957.96
2025-11-13,951.06,955.38
2025-11-16,928.44,933.64
2025-11-17,917.54,921.22
2025-11-18,936.04,928.58
2025-11-19,930.85,930.55
2025-11-20,922.7,931.54
2025-11-23,926.34,924.85
2025-11-24,942.4,943.01
2025-11-25,942.19,943.33
2025-11-26,942.44,942.06
2025-11-27,948.34,948.94
2025-11-30,958.0,961.25
2025-12-01,953.74,955.63
2025-12-02,951.51,955.55
2025-12-03,948.63,952.5
2025-12-04,955.9,951.91
2025-12-07,953.33,950.56
2025-12-08,946.96,949.8
2025-12-09,951.34,953.31
2025-12-10,952.81,957.9
2025-12-11,965.28,963.64
2025-12-14,978.02,974.55
2025-12-15,966.73,970.56
2025-12-16,974.09,973.38
2025-12-17,974.99,975.26
2025-12-18,974.76,974.08
2025-12-21,993.82,984.6
2025-12-22,1007.57,1010.37
2025-12-23,1008.94,1012.73
2025-12-24,1002.83,1002.46
2025-12-25,1009.96,1010.21
2025-12-28,1001.63,1010.41
2025-12-29,980.74,979.99
2025-12-30,973.33,980.89
2026-01-04,992.86,988.04
2026-01-05,1002.84,1001.83
2026-01-06,997.08,1003.92
2026-01-07,995.88,999.71
2026-01-08,1003.71,1003.49
2026-01-11,1023.27,1021.18
2026-01-12,1024.88,1024.88
2026-01-13,1037.55,1033.73
2026-01-14,1032.73,1033.61
2026-01-15,1032.44,1031.13
2026-01-18,1046.77,1043.62
2026-01-19,1055.0,1045.19
2026-01-20,1088.51,1081.52
2026-01-21,1082.97,1074.09
2026-01-22,1110.56,1109.42
2026-01-25,1142.06,1138.96
2026-01-26,1143.87,1138.22
